num,data
0,285.7353694483172
1,323.3773472812027
2,314.45553188957274
3,315.0406371830031
4,275.58827292965725
5,204.61359801806975
6,307.88477759154193
7,309.2384941279888
8,257.73106744512916
9,358.0194939505309
