num,data
0,851.5618398599327
1,969.9114002026618
2,898.7793810293078
3,907.4915929846466
4,848.1234742216766
5,667.0204635621049
6,962.5314503679401
7,888.0302288960665
8,769.3528337776661
9,1031.1889004930854
