num,data
0,229.72299895994365
1,365.40206694207154
2,315.45951213443186
3,333.6408508508757
4,306.04681952588726
5,225.25390103273094
6,262.6306569161825
7,319.37060171272606
8,275.06167086656205
9,340.02780925144907
