num,data
0,689.3664823621511
1,788.5503498353064
2,790.6727558597922
3,770.5682227090001
4,657.097188106738
5,547.2608132124878
6,697.2741942027933
7,725.8743349630386
8,645.6996788606048
9,828.3263776600361
