num,data
0,302.75004466692917
1,358.6561927013099
2,324.9312733206898
3,334.0183156216517
4,303.4506190358661
5,224.80710635625292
6,356.0892180939918
7,320.87522527575493
8,273.624598197639
9,379.68143881578
