num,data
0,318.1089490968734
1,374.3937282001134
2,330.5560596337309
3,352.4531727969006
4,321.6265804740833
5,242.30394223704934
6,356.3411421853598
7,328.76999045722187
8,285.60263021523133
9,389.54418365319725
