num,data
0,462.4159314353019
1,857.3282138574868
2,779.6733581875451
3,786.9169040704146
4,734.2037821384147
5,574.3918273244053
6,583.375730039319
7,770.7509402818978
8,643.1195125738159
9,777.7712435629219
