num,data
0,817.341150498949
1,935.6242934335023
2,848.9159941119142
3,883.5951239997521
4,826.4043688857928
5,657.4157999996096
6,898.9370135211029
7,850.5046647079289
8,738.7207669718191
9,973.4313765894622
