num,data
0,959.2148619956688
1,1064.505427640339
2,983.9566874035992
3,1006.1917411770219
4,955.0396884299969
5,766.3373057464513
6,1057.8475364506428
7,990.0142126896867
8,869.619697942098
9,1108.521097758463
