num,data
0,413.63863568044127
1,469.82703391259406
2,427.79711288018126
3,448.6103358453864
4,415.26642231265
5,320.8802844809445
6,446.32911604887954
7,430.00843999061817
8,376.93037585650575
9,492.08788068675346
